Received Date,Received Amount,Expense Particular,Expense Amount
6/19/22,1000,Large Bag,380
6/20/22,1500,"Stationary(Soft Pin, Paper pin for Dupatta, Fevikwick)",170
6/22/22,500,OLA,839
6/23/22,2000,Auto Rent,520
6/24/22,0,TT Fine,500
6/25/22,0,Bhushan Hotel,2506
6/26/22,0,Food,1290
6/27/22,0,Expomart Labour Charge,200
6/28/22,0,Choclate,400
6/29/22,0,Bhushan Cash,800
6/30/22,0,Delhi Hotel Rest Room,120
7/1/22,0,Water Bottel,70
7/2/22,0,Cooli,300
7/3/22,0,Pending Amount,-3095
Total,5000,,5000